{"cameraMode":{"drawMode":0,"name":"Shaded","section":"Shading Mode"},"sceneLighting":true,"audioPlay":false,"sceneViewState":{"m_AlwaysRefresh":false,"showFog":true,"showSkybox":true,"showFlares":true,"showImageEffects":true,"showParticleSystems":true,"showVisualEffectGraphs":true,"m_FxEnabled":true},"in2DMode":false,"pivot":{"x":-0.44687551259994509,"y":1.7172839641571046,"z":-0.1074470654129982},"rotation":{"x":0.005467473063617945,"y":0.6416172981262207,"z":0.004672950599342585,"w":-0.767035961151123},"size":2.6489124298095705,"orthographic":false}